,State,Year,Homicide rate
2,AK,1/1/2014,6.29
3,AK,1/1/2015,5.6
4,AK,1/1/2014,12.77
5,AK,1/1/2015,18.3
8,AK,1/1/2014,4.92
9,AK,1/1/2015,4.3
14,AK,1/1/2014,4.03
15,AK,1/1/2015,2.7
22,AK,1/1/2014,4.95
23,AK,1/1/2015,4.8
40,AK,1/1/2014,19.37
41,AK,1/1/2015,24.2
46,AL,1/1/2014,3.57
47,AL,1/1/2015,4.6
48,AL,1/1/2014,4.18
49,AL,1/1/2015,4.3
50,AL,1/1/2014,5.13
52,AL,1/1/2014,7.65
53,AL,1/1/2015,7.8
54,AL,1/1/2014,4.08
55,AL,1/1/2015,4.3
58,AL,1/1/2014,9.58
59,AL,1/1/2015,8.2
60,AL,1/1/2014,11.31
61,AL,1/1/2015,12.0
62,AL,1/1/2014,8.21
63,AL,1/1/2015,9.7
66,AL,1/1/2014,4.68
67,AL,1/1/2015,6.2
70,AL,1/1/2014,8.11
71,AL,1/1/2015,7.5
74,AL,1/1/2014,11.67
76,AL,1/1/2014,3.31
77,AL,1/1/2015,3.5
78,AL,1/1/2014,6.04
79,AL,1/1/2015,5.3
80,AL,1/1/2014,10.66
84,AL,1/1/2014,4.2
88,AL,1/1/2014,3.05
89,AL,1/1/2015,2.8
90,AL,1/1/2014,5.77
91,AL,1/1/2015,7.3
92,AL,1/1/2014,19.7
93,AL,1/1/2015,20.6
94,AL,1/1/2014,2.68
95,AL,1/1/2015,3.3
96,AL,1/1/2014,6.2
97,AL,1/1/2015,7.8
98,AL,1/1/2014,9.42
99,AL,1/1/2015,11.4
100,AL,1/1/2014,7.43
101,AL,1/1/2015,7.5
106,AL,1/1/2014,8.13
107,AL,1/1/2015,8.1
108,AL,1/1/2014,18.27
109,AL,1/1/2015,20.8
110,AL,1/1/2014,15.75
111,AL,1/1/2015,13.3
113,AL,1/1/2015,10.7
114,AL,1/1/2014,5.43
115,AL,1/1/2015,4.3
116,AL,1/1/2014,5.08
117,AL,1/1/2015,4.2
118,AL,1/1/2014,17.47
119,AL,1/1/2015,17.0
122,AL,1/1/2014,5.97
123,AL,1/1/2015,6.2
124,AL,1/1/2014,6.67
125,AL,1/1/2015,4.7
126,AL,1/1/2014,7.26
127,AL,1/1/2015,6.5
128,AL,1/1/2014,5.62
129,AL,1/1/2015,4.9
130,AL,1/1/2014,22.7
131,AL,1/1/2015,23.4
132,AL,1/1/2014,28.67
133,AL,1/1/2015,31.4
134,AL,1/1/2014,5.38
135,AL,1/1/2015,5.5
136,AL,1/1/2014,6.67
138,AL,1/1/2014,5.58
140,AL,1/1/2014,3.36
141,AL,1/1/2015,3.2
142,AL,1/1/2014,14.05
143,AL,1/1/2015,15.2
144,AL,1/1/2014,10.96
145,AL,1/1/2015,9.5
146,AL,1/1/2014,14.06
147,AL,1/1/2015,14.6
148,AL,1/1/2014,4.29
149,AL,1/1/2015,3.6
151,AL,1/1/2015,15.3
154,AL,1/1/2014,6.76
155,AL,1/1/2015,6.2
156,AL,1/1/2014,9.42
157,AL,1/1/2015,9.4
158,AL,1/1/2014,13.71
159,AL,1/1/2015,12.6
160,AL,1/1/2014,3.37
161,AL,1/1/2015,3.6
162,AL,1/1/2014,5.31
163,AL,1/1/2015,5.3
166,AL,1/1/2014,8.7
167,AL,1/1/2015,9.2
168,AL,1/1/2014,7.6
169,AL,1/1/2015,8.4
170,AL,1/1/2014,9.54
171,AL,1/1/2015,8.3
172,AL,1/1/2014,6.52
173,AL,1/1/2015,6.5
174,AL,1/1/2014,8.11
175,AL,1/1/2015,8.0
177,AL,1/1/2015,14.8
180,AR,1/1/2014,9.52
181,AR,1/1/2015,9.6
182,AR,1/1/2014,7.03
183,AR,1/1/2015,8.5
186,AR,1/1/2014,2.19
187,AR,1/1/2015,2.2
188,AR,1/1/2014,7.88
189,AR,1/1/2015,7.5
196,AR,1/1/2014,19.74
197,AR,1/1/2015,17.2
198,AR,1/1/2014,6.21
199,AR,1/1/2015,12.3
206,AR,1/1/2014,12.07
207,AR,1/1/2015,8.0
208,AR,1/1/2014,8.19
209,AR,1/1/2015,8.3
210,AR,1/1/2014,4.69
211,AR,1/1/2015,4.7
212,AR,1/1/2014,4.06
213,AR,1/1/2015,4.5
214,AR,1/1/2014,14.13
215,AR,1/1/2015,12.7
218,AR,1/1/2014,17.02
220,AR,1/1/2014,19.99
221,AR,1/1/2015,14.6
224,AR,1/1/2014,3.67
225,AR,1/1/2015,3.8
230,AR,1/1/2014,10.01
231,AR,1/1/2015,10.0
234,AR,1/1/2014,6.31
235,AR,1/1/2015,6.8
236,AR,1/1/2014,7.52
237,AR,1/1/2015,8.5
238,AR,1/1/2014,5.31
239,AR,1/1/2015,5.7
240,AR,1/1/2014,10.32
242,AR,1/1/2014,5.2
243,AR,1/1/2015,6.3
248,AR,1/1/2014,19.84
249,AR,1/1/2015,22.2
256,AR,1/1/2014,26.16
257,AR,1/1/2015,29.8
262,AR,1/1/2014,6.32
264,AR,1/1/2014,4.24
265,AR,1/1/2015,5.7
270,AR,1/1/2014,6.69
271,AR,1/1/2015,6.1
272,AR,1/1/2014,12.45
273,AR,1/1/2015,16.1
282,AR,1/1/2014,13.48
283,AR,1/1/2015,12.9
286,AR,1/1/2014,29.95
287,AR,1/1/2015,36.9
290,AR,1/1/2014,5.76
291,AR,1/1/2015,9.6
294,AR,1/1/2014,2.64
295,AR,1/1/2015,3.1
298,AR,1/1/2014,15.81
299,AR,1/1/2015,15.9
302,AR,1/1/2014,4.31
303,AR,1/1/2015,4.4
308,AR,1/1/2014,5.02
309,AR,1/1/2015,5.1
310,AR,1/1/2014,9.53
314,AR,1/1/2014,10.55
315,AR,1/1/2015,11.9
318,AR,1/1/2014,14.44
319,AR,1/1/2015,13.3
322,AR,1/1/2014,2.82
323,AR,1/1/2015,2.0
324,AR,1/1/2014,3.68
325,AR,1/1/2015,4.6
330,AZ,1/1/2014,13.11
331,AZ,1/1/2015,14.7
332,AZ,1/1/2014,5.03
333,AZ,1/1/2015,5.3
334,AZ,1/1/2014,6.37
335,AZ,1/1/2015,7.2
336,AZ,1/1/2014,10.01
337,AZ,1/1/2015,9.8
338,AZ,1/1/2014,4.47
339,AZ,1/1/2015,4.9
342,AZ,1/1/2014,6.99
343,AZ,1/1/2015,11.2
344,AZ,1/1/2014,8.35
345,AZ,1/1/2015,7.0
346,AZ,1/1/2014,7.47
347,AZ,1/1/2015,8.0
348,AZ,1/1/2014,12.4
349,AZ,1/1/2015,12.2
350,AZ,1/1/2014,8.55
351,AZ,1/1/2015,8.1
352,AZ,1/1/2014,6.78
353,AZ,1/1/2015,6.2
354,AZ,1/1/2014,3.49
355,AZ,1/1/2015,4.9
356,AZ,1/1/2014,3.57
357,AZ,1/1/2015,4.8
358,AZ,1/1/2014,4.53
359,AZ,1/1/2015,3.8
360,CA,1/1/2014,9.69
361,CA,1/1/2015,9.4
364,CA,1/1/2014,4.14
365,CA,1/1/2015,4.5
366,CA,1/1/2014,3.44
370,CA,1/1/2014,9.01
371,CA,1/1/2015,8.8
372,CA,1/1/2014,8.56
373,CA,1/1/2015,8.0
374,CA,1/1/2014,2.58
375,CA,1/1/2015,3.0
376,CA,1/1/2014,8.18
377,CA,1/1/2015,7.6
380,CA,1/1/2014,4.21
381,CA,1/1/2015,3.7
382,CA,1/1/2014,3.22
383,CA,1/1/2015,3.2
386,CA,1/1/2014,8.49
387,CA,1/1/2015,8.2
388,CA,1/1/2014,4.31
389,CA,1/1/2015,4.8
390,CA,1/1/2014,5.79
391,CA,1/1/2015,7.2
392,CA,1/1/2014,5.32
393,CA,1/1/2015,4.4
394,CA,1/1/2014,9.21
395,CA,1/1/2015,7.2
396,CA,1/1/2014,6.2
397,CA,1/1/2015,5.2
398,CA,1/1/2014,2.02
399,CA,1/1/2015,1.7
402,CA,1/1/2014,6.03
403,CA,1/1/2015,6.3
404,CA,1/1/2014,8.66
405,CA,1/1/2015,7.6
410,CA,1/1/2014,8.28
411,CA,1/1/2015,8.6
412,CA,1/1/2014,1.93
413,CA,1/1/2015,1.4
414,CA,1/1/2014,2.19
415,CA,1/1/2015,2.3
416,CA,1/1/2014,2.74
417,CA,1/1/2015,2.4
418,CA,1/1/2014,1.57
419,CA,1/1/2015,1.8
422,CA,1/1/2014,5.13
423,CA,1/1/2015,4.5
424,CA,1/1/2014,6.98
425,CA,1/1/2015,6.3
426,CA,1/1/2014,3.41
427,CA,1/1/2015,5.0
428,CA,1/1/2014,8.17
429,CA,1/1/2015,6.5
430,CA,1/1/2014,3.68
431,CA,1/1/2015,3.1
432,CA,1/1/2014,8.37
433,CA,1/1/2015,7.2
434,CA,1/1/2014,7.59
435,CA,1/1/2015,9.4
436,CA,1/1/2014,2.17
437,CA,1/1/2015,2.2
438,CA,1/1/2014,3.71
439,CA,1/1/2015,3.3
440,CA,1/1/2014,2.35
441,CA,1/1/2015,2.6
442,CA,1/1/2014,2.67
443,CA,1/1/2015,2.6
444,CA,1/1/2014,3.24
445,CA,1/1/2015,3.7
446,CA,1/1/2014,4.13
447,CA,1/1/2015,4.5
450,CA,1/1/2014,4.8
451,CA,1/1/2015,4.5
452,CA,1/1/2014,8.02
453,CA,1/1/2015,8.2
454,CA,1/1/2014,2.33
455,CA,1/1/2015,2.4
456,CA,1/1/2014,6.36
457,CA,1/1/2015,6.5
458,CA,1/1/2014,5.14
459,CA,1/1/2015,4.8
460,CA,1/1/2014,5.08
461,CA,1/1/2015,5.9
464,CA,1/1/2014,9.22
465,CA,1/1/2015,8.7
468,CA,1/1/2014,3.53
469,CA,1/1/2015,2.8
470,CA,1/1/2014,1.63
471,CA,1/1/2015,1.6
472,CA,1/1/2014,5.15
473,CA,1/1/2015,5.2
474,CO,1/1/2014,4.79
475,CO,1/1/2015,4.4
478,CO,1/1/2014,4.13
479,CO,1/1/2015,3.7
486,CO,1/1/2014,1.29
487,CO,1/1/2015,1.2
488,CO,1/1/2014,2.81
489,CO,1/1/2015,3.5
505,CO,1/1/2015,5.0
506,CO,1/1/2014,9.2
507,CO,1/1/2015,7.3
510,CO,1/1/2014,1.25
511,CO,1/1/2015,1.5
514,CO,1/1/2014,4.2
515,CO,1/1/2015,4.4
518,CO,1/1/2014,4.57
519,CO,1/1/2015,4.5
530,CO,1/1/2014,1.96
531,CO,1/1/2015,1.8
535,CO,1/1/2014,3.77
536,CO,1/1/2015,4.9
539,CO,1/1/2014,1.9
540,CO,1/1/2015,1.7
541,CO,1/1/2014,11.86
542,CO,1/1/2015,13.5
547,CO,1/1/2014,3.09
548,CO,1/1/2015,4.2
551,CO,1/1/2014,9.69
552,CO,1/1/2015,8.9
553,CO,1/1/2014,4.0
554,CO,1/1/2015,6.3
569,CO,1/1/2014,5.93
570,CO,1/1/2015,6.3
589,CO,1/1/2014,2.79
590,CO,1/1/2015,2.2
593,CT,1/1/2014,3.39
594,CT,1/1/2015,4.1
595,CT,1/1/2014,4.46
596,CT,1/1/2015,4.9
597,CT,1/1/2014,1.43
598,CT,1/1/2015,1.4
599,CT,1/1/2014,1.31
600,CT,1/1/2015,1.3
601,CT,1/1/2014,3.95
602,CT,1/1/2015,4.6
603,CT,1/1/2014,3.11
604,CT,1/1/2015,2.7
606,CT,1/1/2015,1.1
607,CT,1/1/2014,1.59
609,DC,1/1/2015,18.9
610,DE,1/1/2014,3.93
611,DE,1/1/2015,4.3
612,DE,1/1/2014,7.49
613,DE,1/1/2015,7.7
614,DE,1/1/2014,2.99
615,DE,1/1/2015,3.3
616,FL,1/1/2014,4.63
617,FL,1/1/2015,4.5
618,FL,1/1/2014,7.15
619,FL,1/1/2015,6.1
620,FL,1/1/2014,5.89
621,FL,1/1/2015,6.9
624,FL,1/1/2014,5.25
625,FL,1/1/2015,6.1
626,FL,1/1/2014,5.08
627,FL,1/1/2015,5.3
630,FL,1/1/2014,3.15
631,FL,1/1/2015,3.1
632,FL,1/1/2014,3.41
633,FL,1/1/2015,4.9
634,FL,1/1/2014,5.23
635,FL,1/1/2015,4.9
636,FL,1/1/2014,3.93
637,FL,1/1/2015,4.6
638,FL,1/1/2014,5.89
639,FL,1/1/2015,6.5
640,FL,1/1/2014,4.58
644,FL,1/1/2014,13.97
645,FL,1/1/2015,13.0
646,FL,1/1/2014,7.38
647,FL,1/1/2015,7.7
648,FL,1/1/2014,2.48
649,FL,1/1/2015,3.8
652,FL,1/1/2014,9.05
653,FL,1/1/2015,7.9
660,FL,1/1/2014,9.84
662,FL,1/1/2014,5.23
663,FL,1/1/2015,5.5
664,FL,1/1/2014,9.99
665,FL,1/1/2015,13.3
666,FL,1/1/2014,2.68
667,FL,1/1/2015,3.5
668,FL,1/1/2014,4.39
669,FL,1/1/2015,5.9
670,FL,1/1/2014,5.53
671,FL,1/1/2015,5.4
674,FL,1/1/2014,3.44
675,FL,1/1/2015,4.3
676,FL,1/1/2014,11.12
677,FL,1/1/2015,9.5
682,FL,1/1/2014,3.79
683,FL,1/1/2015,4.4
684,FL,1/1/2014,6.84
685,FL,1/1/2015,8.4
686,FL,1/1/2014,3.86
687,FL,1/1/2015,4.2
688,FL,1/1/2014,4.32
692,FL,1/1/2014,8.17
693,FL,1/1/2015,7.3
694,FL,1/1/2014,6.19
695,FL,1/1/2015,7.6
696,FL,1/1/2014,5.25
697,FL,1/1/2015,5.8
698,FL,1/1/2014,3.49
699,FL,1/1/2015,4.3
700,FL,1/1/2014,9.23
701,FL,1/1/2015,9.1
702,FL,1/1/2014,4.63
703,FL,1/1/2015,4.3
704,FL,1/1/2014,4.33
705,FL,1/1/2015,4.0
706,FL,1/1/2014,3.05
707,FL,1/1/2015,3.1
708,FL,1/1/2014,5.41
709,FL,1/1/2015,4.8
710,FL,1/1/2014,8.31
711,FL,1/1/2015,7.9
712,FL,1/1/2014,5.13
713,FL,1/1/2015,4.7
714,FL,1/1/2014,7.13
715,FL,1/1/2015,7.9
716,FL,1/1/2014,4.93
717,FL,1/1/2015,4.7
718,FL,1/1/2014,5.47
719,FL,1/1/2015,5.8
720,FL,1/1/2014,5.42
721,FL,1/1/2015,6.3
722,FL,1/1/2014,7.69
723,FL,1/1/2015,8.1
724,FL,1/1/2014,2.56
725,FL,1/1/2015,2.6
726,FL,1/1/2014,3.72
727,FL,1/1/2015,5.4
728,FL,1/1/2014,4.54
729,FL,1/1/2015,4.7
730,FL,1/1/2014,3.21
731,FL,1/1/2015,3.5
732,FL,1/1/2014,4.62
733,FL,1/1/2015,5.7
734,FL,1/1/2014,2.67
735,FL,1/1/2015,4.2
736,FL,1/1/2014,5.01
737,FL,1/1/2015,6.1
738,FL,1/1/2014,9.3
739,FL,1/1/2015,9.0
742,FL,1/1/2014,4.91
743,FL,1/1/2015,5.5
744,FL,1/1/2014,5.02
746,FL,1/1/2014,4.95
747,FL,1/1/2015,4.1
748,FL,1/1/2014,9.71
749,FL,1/1/2015,9.7
750,GA,1/1/2014,9.54
751,GA,1/1/2015,12.6
758,GA,1/1/2014,7.65
759,GA,1/1/2015,7.0
762,GA,1/1/2014,4.95
763,GA,1/1/2015,4.1
764,GA,1/1/2014,3.61
765,GA,1/1/2015,4.2
766,GA,1/1/2014,8.16
770,GA,1/1/2014,15.43
771,GA,1/1/2015,13.9
774,GA,1/1/2014,9.92
775,GA,1/1/2015,8.6
780,GA,1/1/2014,2.61
781,GA,1/1/2015,3.0
782,GA,1/1/2014,11.79
783,GA,1/1/2015,13.3
784,GA,1/1/2014,8.09
785,GA,1/1/2015,7.5
788,GA,1/1/2014,4.72
789,GA,1/1/2015,4.6
792,GA,1/1/2014,4.94
793,GA,1/1/2015,4.7
794,GA,1/1/2014,3.0
795,GA,1/1/2015,2.8
798,GA,1/1/2014,12.19
799,GA,1/1/2015,10.9
804,GA,1/1/2014,1.59
805,GA,1/1/2015,1.4
806,GA,1/1/2014,5.03
807,GA,1/1/2015,5.4
810,GA,1/1/2014,12.2
811,GA,1/1/2015,11.5
814,GA,1/1/2014,4.58
815,GA,1/1/2015,3.9
816,GA,1/1/2014,6.61
817,GA,1/1/2015,6.2
818,GA,1/1/2014,11.64
819,GA,1/1/2015,8.7
820,GA,1/1/2014,2.01
821,GA,1/1/2015,2.5
822,GA,1/1/2014,9.35
823,GA,1/1/2015,8.8
824,GA,1/1/2014,4.15
825,GA,1/1/2015,4.7
828,GA,1/1/2014,11.82
829,GA,1/1/2015,15.2
834,GA,1/1/2014,13.97
835,GA,1/1/2015,13.0
836,GA,1/1/2014,7.18
837,GA,1/1/2015,7.6
838,GA,1/1/2014,8.11
839,GA,1/1/2015,6.8
842,GA,1/1/2014,8.92
843,GA,1/1/2015,9.6
844,GA,1/1/2014,4.77
845,GA,1/1/2015,4.1
850,GA,1/1/2014,4.1
851,GA,1/1/2015,4.5
854,GA,1/1/2014,9.68
855,GA,1/1/2015,12.4
860,GA,1/1/2014,3.16
861,GA,1/1/2015,3.4
862,GA,1/1/2014,4.34
863,GA,1/1/2015,4.6
864,GA,1/1/2014,1.38
865,GA,1/1/2015,1.6
868,GA,1/1/2014,13.8
869,GA,1/1/2015,11.4
874,GA,1/1/2014,9.96
875,GA,1/1/2015,11.9
876,GA,1/1/2014,4.59
877,GA,1/1/2015,4.9
879,GA,1/1/2015,5.6
882,GA,1/1/2014,5.37
883,GA,1/1/2015,4.7
886,GA,1/1/2014,3.1
887,GA,1/1/2015,3.4
890,GA,1/1/2014,5.04
891,GA,1/1/2015,5.2
892,GA,1/1/2014,4.78
898,GA,1/1/2014,4.4
899,GA,1/1/2015,5.1
900,GA,1/1/2014,4.76
901,GA,1/1/2015,4.6
904,GA,1/1/2014,4.35
905,GA,1/1/2015,3.2
910,GA,1/1/2014,9.28
911,GA,1/1/2015,9.5
922,GA,1/1/2014,6.3
923,GA,1/1/2015,6.1
926,GA,1/1/2014,7.59
927,GA,1/1/2015,7.9
932,GA,1/1/2014,6.12
933,GA,1/1/2015,4.8
937,GA,1/1/2015,9.3
938,GA,1/1/2014,5.18
939,GA,1/1/2015,6.2
942,GA,1/1/2014,7.27
943,GA,1/1/2015,8.4
946,GA,1/1/2014,7.62
947,GA,1/1/2015,8.3
952,GA,1/1/2014,6.21
953,GA,1/1/2015,6.5
960,GA,1/1/2014,11.38
961,GA,1/1/2015,9.9
962,GA,1/1/2014,6.15
963,GA,1/1/2015,6.3
968,GA,1/1/2014,2.91
969,GA,1/1/2015,2.2
970,GA,1/1/2014,5.44
971,GA,1/1/2015,6.0
973,GA,1/1/2015,4.8
978,GA,1/1/2014,7.72
979,GA,1/1/2015,5.8
990,GA,1/1/2014,11.64
991,GA,1/1/2015,13.3
992,GA,1/1/2014,6.84
993,GA,1/1/2015,6.0
996,GA,1/1/2014,11.52
997,GA,1/1/2015,10.3
1000,GA,1/1/2014,5.71
1001,GA,1/1/2015,7.6
1003,GA,1/1/2015,6.5
1006,GA,1/1/2014,6.53
1007,GA,1/1/2015,6.6
1012,GA,1/1/2014,10.15
1013,GA,1/1/2015,7.9
1016,GA,1/1/2014,10.91
1017,GA,1/1/2015,8.9
1020,GA,1/1/2014,5.83
1021,GA,1/1/2015,6.0
1022,GA,1/1/2014,11.94
1023,GA,1/1/2015,8.7
1024,GA,1/1/2014,6.37
1025,GA,1/1/2015,5.9
1030,GA,1/1/2014,4.41
1031,GA,1/1/2015,5.5
1040,GA,1/1/2014,3.84
1041,GA,1/1/2015,2.7
1042,GA,1/1/2014,4.35
1043,GA,1/1/2015,4.6
1044,GA,1/1/2014,6.4
1045,GA,1/1/2015,5.8
1050,GA,1/1/2014,8.77
1051,GA,1/1/2015,9.5
1057,GA,1/1/2015,6.0
1058,GA,1/1/2014,3.06
1059,GA,1/1/2015,2.4
1066,GA,1/1/2014,8.54
1067,GA,1/1/2015,9.3
1068,HI,1/1/2014,2.19
1069,HI,1/1/2015,2.2
1070,HI,1/1/2014,2.0
1071,HI,1/1/2015,1.7
1072,HI,1/1/2014,2.88
1073,HI,1/1/2015,2.1
1074,HI,1/1/2014,1.25
1075,HI,1/1/2015,1.1
1088,IA,1/1/2014,2.56
1089,IA,1/1/2015,2.5
1132,IA,1/1/2014,3.54
1136,IA,1/1/2014,1.55
1137,IA,1/1/2015,1.7
1178,IA,1/1/2014,1.83
1179,IA,1/1/2015,2.3
1188,IA,1/1/2014,1.74
1189,IA,1/1/2015,1.9
1214,IA,1/1/2014,3.38
1228,IA,1/1/2014,2.74
1229,IA,1/1/2015,2.4
1230,IA,1/1/2014,3.75
1231,IA,1/1/2015,3.7
1238,IA,1/1/2014,3.99
1239,IA,1/1/2015,3.2
1245,IA,1/1/2015,2.2
1262,IA,1/1/2014,3.72
1268,IA,1/1/2014,2.82
1269,IA,1/1/2015,2.2
1274,ID,1/1/2014,1.93
1275,ID,1/1/2015,2.0
1279,ID,1/1/2015,2.2
1292,ID,1/1/2014,2.35
1293,ID,1/1/2015,2.3
1298,ID,1/1/2014,2.67
1299,ID,1/1/2015,2.0
1324,ID,1/1/2014,2.28
1325,ID,1/1/2015,1.8
1352,ID,1/1/2014,2.15
1353,ID,1/1/2015,2.0
1358,IL,1/1/2014,2.77
1359,IL,1/1/2015,2.7
1376,IL,1/1/2014,2.78
1377,IL,1/1/2015,2.6
1386,IL,1/1/2014,2.67
1387,IL,1/1/2015,3.3
1388,IL,1/1/2014,11.58
1389,IL,1/1/2015,10.9
1400,IL,1/1/2014,1.49
1401,IL,1/1/2015,1.5
1432,IL,1/1/2014,5.68
1438,IL,1/1/2014,3.63
1439,IL,1/1/2015,4.5
1446,IL,1/1/2014,2.55
1447,IL,1/1/2015,2.1
1448,IL,1/1/2014,3.61
1449,IL,1/1/2015,4.4
1450,IL,1/1/2014,2.64
1451,IL,1/1/2015,2.0
1454,IL,1/1/2014,1.26
1455,IL,1/1/2015,1.5
1456,IL,1/1/2014,2.74
1457,IL,1/1/2015,2.7
1466,IL,1/1/2014,6.19
1467,IL,1/1/2015,7.9
1470,IL,1/1/2014,4.76
1471,IL,1/1/2015,4.3
1473,IL,1/1/2015,3.9
1482,IL,1/1/2014,1.37
1483,IL,1/1/2015,1.4
1484,IL,1/1/2014,2.08
1485,IL,1/1/2015,1.7
1494,IL,1/1/2014,3.98
1500,IL,1/1/2014,9.06
1501,IL,1/1/2015,9.6
1518,IL,1/1/2014,3.97
1519,IL,1/1/2015,3.6
1522,IL,1/1/2014,5.29
1523,IL,1/1/2015,6.2
1530,IL,1/1/2014,15.1
1531,IL,1/1/2015,16.2
1534,IL,1/1/2014,3.58
1535,IL,1/1/2015,3.3
1536,IL,1/1/2014,3.01
1537,IL,1/1/2015,2.9
1540,IL,1/1/2014,6.42
1541,IL,1/1/2015,5.8
1552,IL,1/1/2014,3.15
1553,IL,1/1/2015,3.3
1554,IL,1/1/2014,3.59
1555,IL,1/1/2015,3.6
1556,IL,1/1/2014,3.08
1557,IL,1/1/2015,3.6
1558,IL,1/1/2014,6.71
1559,IL,1/1/2015,6.4
1564,IN,1/1/2014,6.6
1565,IN,1/1/2015,6.4
1566,IN,1/1/2014,1.9
1567,IN,1/1/2015,2.0
1572,IN,1/1/2014,2.67
1573,IN,1/1/2015,2.7
1580,IN,1/1/2014,2.3
1581,IN,1/1/2015,2.7
1593,IN,1/1/2015,3.6
1596,IN,1/1/2014,3.16
1597,IN,1/1/2015,2.9
1600,IN,1/1/2014,3.22
1601,IN,1/1/2015,3.8
1604,IN,1/1/2014,3.33
1605,IN,1/1/2015,2.9
1609,IN,1/1/2015,6.9
1614,IN,1/1/2014,2.84
1615,IN,1/1/2015,3.3
1618,IN,1/1/2014,1.08
1619,IN,1/1/2015,0.7
1624,IN,1/1/2014,1.47
1625,IN,1/1/2015,1.2
1626,IN,1/1/2014,3.81
1627,IN,1/1/2015,3.2
1628,IN,1/1/2014,4.44
1629,IN,1/1/2015,3.8
1634,IN,1/1/2014,4.38
1642,IN,1/1/2014,1.83
1643,IN,1/1/2015,2.2
1648,IN,1/1/2014,4.14
1649,IN,1/1/2015,4.2
1652,IN,1/1/2014,17.86
1653,IN,1/1/2015,17.1
1654,IN,1/1/2014,4.02
1655,IN,1/1/2015,4.3
1656,IN,1/1/2014,3.92
1657,IN,1/1/2015,3.9
1658,IN,1/1/2014,13.05
1659,IN,1/1/2015,12.3
1666,IN,1/1/2014,2.16
1667,IN,1/1/2015,2.9
1688,IN,1/1/2014,2.14
1689,IN,1/1/2015,2.3
1702,IN,1/1/2014,5.95
1703,IN,1/1/2015,7.1
1704,IN,1/1/2014,3.24
1705,IN,1/1/2015,4.4
1708,IN,1/1/2014,5.59
1709,IN,1/1/2015,6.0
1718,IN,1/1/2014,2.07
1719,IN,1/1/2015,1.4
1724,IN,1/1/2014,4.27
1725,IN,1/1/2015,4.0
1728,IN,1/1/2014,3.76
1729,IN,1/1/2015,4.1
1738,IN,1/1/2014,2.06
1739,IN,1/1/2015,3.3
1789,KS,1/1/2014,1.99
1800,KS,1/1/2015,4.0
1805,KS,1/1/2014,7.28
1806,KS,1/1/2015,6.5
1831,KS,1/1/2014,1.75
1832,KS,1/1/2015,1.6
1841,KS,1/1/2014,2.13
1842,KS,1/1/2015,3.4
1863,KS,1/1/2014,4.44
1864,KS,1/1/2015,5.1
1893,KS,1/1/2014,2.46
1894,KS,1/1/2015,3.2
1907,KS,1/1/2014,4.7
1908,KS,1/1/2015,5.2
1911,KS,1/1/2014,5.95
1912,KS,1/1/2015,5.9
1915,KS,1/1/2014,6.64
1916,KS,1/1/2015,8.8
1943,KS,1/1/2014,18.69
1944,KS,1/1/2015,17.9
1953,KY,1/1/2014,3.81
1954,KY,1/1/2015,3.9
1957,KY,1/1/2014,5.93
1958,KY,1/1/2015,4.7
1959,KY,1/1/2014,2.31
1960,KY,1/1/2015,2.5
1962,KY,1/1/2015,7.4
1963,KY,1/1/2014,3.47
1969,KY,1/1/2014,11.91
1973,KY,1/1/2014,2.61
1974,KY,1/1/2015,2.1
1981,KY,1/1/2014,2.74
1982,KY,1/1/2015,2.5
1987,KY,1/1/2014,10.29
1988,KY,1/1/2015,8.2
1991,KY,1/1/2014,6.3
1992,KY,1/1/2015,6.8
1993,KY,1/1/2014,4.49
1994,KY,1/1/2015,6.6
2003,KY,1/1/2014,3.32
2004,KY,1/1/2015,3.0
2009,KY,1/1/2014,11.61
2011,KY,1/1/2014,5.49
2012,KY,1/1/2015,4.8
2015,KY,1/1/2014,6.74
2016,KY,1/1/2015,6.9
2017,KY,1/1/2014,2.92
2018,KY,1/1/2015,3.9
2027,KY,1/1/2014,3.87
2028,KY,1/1/2015,6.3
2037,KY,1/1/2014,2.74
2038,KY,1/1/2015,3.4
2039,KY,1/1/2014,5.25
2045,KY,1/1/2014,4.68
2046,KY,1/1/2015,4.6
2051,KY,1/1/2014,3.66
2052,KY,1/1/2015,2.9
2055,KY,1/1/2014,9.18
2056,KY,1/1/2015,9.1
2059,KY,1/1/2014,6.13
2060,KY,1/1/2015,6.4
2061,KY,1/1/2014,3.92
2062,KY,1/1/2015,3.4
2066,KY,1/1/2015,5.1
2069,KY,1/1/2014,5.96
2070,KY,1/1/2015,5.3
2077,KY,1/1/2014,5.83
2089,KY,1/1/2014,3.2
2090,KY,1/1/2015,3.8
2101,KY,1/1/2014,4.4
2102,KY,1/1/2015,5.0
2117,KY,1/1/2014,9.56
2118,KY,1/1/2015,7.6
2121,KY,1/1/2014,4.53
2137,KY,1/1/2014,7.94
2138,KY,1/1/2015,7.2
2139,KY,1/1/2014,6.11
2140,KY,1/1/2015,5.0
2142,KY,1/1/2015,11.0
2143,KY,1/1/2014,2.79
2144,KY,1/1/2015,2.9
2153,KY,1/1/2014,3.31
2156,KY,1/1/2015,4.3
2161,KY,1/1/2014,6.53
2162,KY,1/1/2015,7.4
2171,KY,1/1/2014,3.07
2172,KY,1/1/2015,2.8
2179,KY,1/1/2014,7.13
2180,KY,1/1/2015,6.0
2185,LA,1/1/2014,5.18
2186,LA,1/1/2015,6.7
2189,LA,1/1/2014,5.52
2190,LA,1/1/2015,4.4
2191,LA,1/1/2014,6.1
2192,LA,1/1/2015,6.8
2193,LA,1/1/2014,4.79
2194,LA,1/1/2015,4.8
2195,LA,1/1/2014,5.36
2196,LA,1/1/2015,5.0
2199,LA,1/1/2014,5.37
2200,LA,1/1/2015,5.2
2201,LA,1/1/2014,14.74
2202,LA,1/1/2015,12.6
2203,LA,1/1/2014,8.81
2204,LA,1/1/2015,8.4
2213,LA,1/1/2014,13.34
2214,LA,1/1/2015,14.6
2215,LA,1/1/2014,8.14
2216,LA,1/1/2015,9.5
2217,LA,1/1/2014,17.16
2218,LA,1/1/2015,17.1
2219,LA,1/1/2014,24.64
2220,LA,1/1/2015,20.4
2221,LA,1/1/2014,8.42
2222,LA,1/1/2015,10.3
2223,LA,1/1/2014,4.56
2224,LA,1/1/2015,5.7
2227,LA,1/1/2014,8.08
2228,LA,1/1/2015,6.9
2229,LA,1/1/2014,8.2
2230,LA,1/1/2015,8.4
2231,LA,1/1/2014,10.73
2232,LA,1/1/2015,11.0
2235,LA,1/1/2014,11.38
2236,LA,1/1/2015,12.1
2237,LA,1/1/2014,16.23
2238,LA,1/1/2015,17.2
2241,LA,1/1/2014,6.36
2242,LA,1/1/2015,6.4
2243,LA,1/1/2014,5.59
2244,LA,1/1/2015,5.6
2245,LA,1/1/2014,5.04
2246,LA,1/1/2015,5.2
2247,LA,1/1/2014,6.03
2248,LA,1/1/2015,6.0
2249,LA,1/1/2014,12.66
2251,LA,1/1/2014,11.43
2252,LA,1/1/2015,13.5
2253,LA,1/1/2014,10.2
2254,LA,1/1/2015,10.6
2255,LA,1/1/2014,51.49
2256,LA,1/1/2015,48.0
2257,LA,1/1/2014,7.55
2258,LA,1/1/2015,7.7
2259,LA,1/1/2014,6.38
2260,LA,1/1/2015,7.3
2261,LA,1/1/2014,8.83
2262,LA,1/1/2015,8.7
2263,LA,1/1/2014,8.59
2264,LA,1/1/2015,8.8
2271,LA,1/1/2014,6.44
2272,LA,1/1/2015,7.9
2273,LA,1/1/2014,8.25
2274,LA,1/1/2015,7.6
2277,LA,1/1/2014,9.14
2278,LA,1/1/2015,9.9
2279,LA,1/1/2014,17.6
2280,LA,1/1/2015,16.0
2281,LA,1/1/2014,7.46
2282,LA,1/1/2015,8.7
2283,LA,1/1/2014,3.63
2284,LA,1/1/2015,5.0
2285,LA,1/1/2014,8.2
2286,LA,1/1/2015,7.6
2287,LA,1/1/2014,4.39
2288,LA,1/1/2015,4.9
2289,LA,1/1/2014,8.34
2290,LA,1/1/2015,9.5
2293,LA,1/1/2014,8.7
2294,LA,1/1/2015,7.6
2297,LA,1/1/2014,4.03
2298,LA,1/1/2015,7.0
2299,LA,1/1/2014,5.35
2300,LA,1/1/2015,4.6
2301,LA,1/1/2014,12.72
2302,LA,1/1/2015,13.2
2303,LA,1/1/2014,7.62
2304,LA,1/1/2015,5.0
2305,LA,1/1/2014,9.99
2306,LA,1/1/2015,10.1
2311,LA,1/1/2014,9.17
2313,MA,1/1/2014,1.04
2314,MA,1/1/2015,1.2
2315,MA,1/1/2014,1.62
2316,MA,1/1/2015,1.9
2317,MA,1/1/2014,2.8
2318,MA,1/1/2015,2.6
2321,MA,1/1/2014,2.12
2322,MA,1/1/2015,2.2
2325,MA,1/1/2014,4.83
2326,MA,1/1/2015,4.6
2329,MA,1/1/2014,1.49
2330,MA,1/1/2015,1.4
2333,MA,1/1/2014,1.02
2334,MA,1/1/2015,1.3
2335,MA,1/1/2014,2.8
2336,MA,1/1/2015,3.0
2337,MA,1/1/2014,9.31
2338,MA,1/1/2015,7.0
2339,MA,1/1/2014,1.76
2340,MA,1/1/2015,1.9
2341,MD,1/1/2014,2.3
2342,MD,1/1/2015,2.8
2343,MD,1/1/2014,4.2
2344,MD,1/1/2015,3.7
2345,MD,1/1/2014,6.3
2346,MD,1/1/2015,6.1
2347,MD,1/1/2014,37.73
2348,MD,1/1/2015,31.7
2349,MD,1/1/2014,2.78
2350,MD,1/1/2015,2.7
2353,MD,1/1/2014,1.46
2354,MD,1/1/2015,1.9
2355,MD,1/1/2014,4.91
2356,MD,1/1/2015,4.5
2357,MD,1/1/2014,4.73
2358,MD,1/1/2015,4.3
2360,MD,1/1/2015,4.3
2361,MD,1/1/2014,2.46
2362,MD,1/1/2015,2.8
2364,MD,1/1/2015,5.3
2365,MD,1/1/2014,3.2
2366,MD,1/1/2015,3.3
2367,MD,1/1/2014,2.54
2368,MD,1/1/2015,2.6
2371,MD,1/1/2014,2.69
2372,MD,1/1/2015,2.4
2373,MD,1/1/2014,15.63
2374,MD,1/1/2015,12.5
2376,MD,1/1/2015,3.4
2379,MD,1/1/2014,2.42
2380,MD,1/1/2015,2.1
2383,MD,1/1/2014,2.47
2384,MD,1/1/2015,2.6
2385,MD,1/1/2014,7.19
2386,MD,1/1/2015,6.8
2389,ME,1/1/2014,2.26
2390,ME,1/1/2015,1.9
2393,ME,1/1/2014,2.1
2394,ME,1/1/2015,2.2
2399,ME,1/1/2014,1.18
2400,ME,1/1/2015,1.7
2405,ME,1/1/2014,3.72
2406,ME,1/1/2015,3.1
2407,ME,1/1/2014,1.6
2408,ME,1/1/2015,2.9
2414,ME,1/1/2015,2.7
2419,ME,1/1/2014,1.95
2420,ME,1/1/2015,2.0
2426,MI,1/1/2015,1.4
2437,MI,1/1/2014,2.37
2438,MI,1/1/2015,2.6
2441,MI,1/1/2014,3.62
2442,MI,1/1/2015,3.4
2445,MI,1/1/2014,5.81
2446,MI,1/1/2015,6.0
2447,MI,1/1/2014,3.27
2448,MI,1/1/2015,3.5
2465,MI,1/1/2014,1.72
2466,MI,1/1/2015,1.6
2469,MI,1/1/2014,11.93
2470,MI,1/1/2015,14.1
2476,MI,1/1/2015,1.6
2485,MI,1/1/2014,3.75
2486,MI,1/1/2015,3.5
2495,MI,1/1/2014,3.71
2496,MI,1/1/2015,3.8
2497,MI,1/1/2014,3.37
2498,MI,1/1/2015,3.5
2501,MI,1/1/2014,3.45
2502,MI,1/1/2015,3.2
2505,MI,1/1/2014,1.9
2506,MI,1/1/2015,1.7
2510,MI,1/1/2015,1.7
2511,MI,1/1/2014,1.19
2512,MI,1/1/2015,1.1
2517,MI,1/1/2014,3.7
2518,MI,1/1/2015,3.7
2533,MI,1/1/2014,1.87
2534,MI,1/1/2015,1.7
2535,MI,1/1/2014,3.15
2536,MI,1/1/2015,2.9
2539,MI,1/1/2014,2.89
2540,MI,1/1/2015,2.9
2543,MI,1/1/2014,3.85
2544,MI,1/1/2015,4.0
2545,MI,1/1/2014,5.26
2557,MI,1/1/2014,1.32
2558,MI,1/1/2015,1.2
2563,MI,1/1/2014,10.65
2564,MI,1/1/2015,11.4
2571,MI,1/1/2014,1.97
2572,MI,1/1/2015,2.4
2577,MI,1/1/2014,2.42
2578,MI,1/1/2015,2.7
2579,MI,1/1/2014,2.67
2580,MI,1/1/2015,2.2
2581,MI,1/1/2014,20.58
2582,MI,1/1/2015,21.6
2587,MN,1/1/2014,1.98
2588,MN,1/1/2015,1.9
2591,MN,1/1/2014,8.23
2592,MN,1/1/2015,5.1
2606,MN,1/1/2015,6.0
2621,MN,1/1/2014,1.32
2622,MN,1/1/2015,0.9
2637,MN,1/1/2014,4.43
2638,MN,1/1/2015,3.8
2693,MN,1/1/2014,1.33
2694,MN,1/1/2015,1.7
2707,MN,1/1/2014,3.84
2708,MN,1/1/2015,3.3
2727,MN,1/1/2014,1.65
2728,MN,1/1/2015,1.7
2729,MN,1/1/2014,1.08
2730,MN,1/1/2015,1.0
2747,MN,1/1/2014,1.25
2748,MN,1/1/2015,1.1
2767,MO,1/1/2014,5.22
2768,MO,1/1/2015,5.1
2777,MO,1/1/2014,2.95
2778,MO,1/1/2015,2.2
2779,MO,1/1/2014,4.56
2780,MO,1/1/2015,4.0
2781,MO,1/1/2014,4.74
2785,MO,1/1/2014,3.63
2786,MO,1/1/2015,5.3
2789,MO,1/1/2014,2.53
2790,MO,1/1/2015,2.7
2795,MO,1/1/2014,3.73
2796,MO,1/1/2015,3.6
2805,MO,1/1/2014,3.19
2806,MO,1/1/2015,3.2
2809,MO,1/1/2014,3.85
2810,MO,1/1/2015,2.1
2827,MO,1/1/2014,4.43
2829,MO,1/1/2014,2.72
2830,MO,1/1/2015,2.9
2835,MO,1/1/2014,3.55
2836,MO,1/1/2015,3.5
2849,MO,1/1/2014,5.08
2850,MO,1/1/2015,5.8
2853,MO,1/1/2014,16.71
2854,MO,1/1/2015,17.0
2855,MO,1/1/2014,4.16
2856,MO,1/1/2015,3.5
2857,MO,1/1/2014,2.4
2858,MO,1/1/2015,2.6
2863,MO,1/1/2014,7.36
2864,MO,1/1/2015,6.6
2872,MO,1/1/2015,3.3
2885,MO,1/1/2014,6.24
2886,MO,1/1/2015,6.3
2891,MO,1/1/2014,14.25
2901,MO,1/1/2014,8.31
2902,MO,1/1/2015,11.8
2903,MO,1/1/2014,3.51
2904,MO,1/1/2015,3.8
2913,MO,1/1/2014,10.65
2919,MO,1/1/2014,4.22
2920,MO,1/1/2015,4.0
2923,MO,1/1/2014,3.18
2924,MO,1/1/2015,2.8
2927,MO,1/1/2014,3.27
2928,MO,1/1/2015,7.4
2948,MO,1/1/2015,3.8
2953,MO,1/1/2014,1.83
2954,MO,1/1/2015,1.7
2957,MO,1/1/2014,2.93
2958,MO,1/1/2015,2.7
2959,MO,1/1/2014,7.69
2960,MO,1/1/2015,8.5
2961,MO,1/1/2014,33.11
2962,MO,1/1/2015,30.5
2971,MO,1/1/2014,3.89
2974,MO,1/1/2015,6.3
2977,MO,1/1/2014,5.11
2979,MO,1/1/2014,5.77
2980,MO,1/1/2015,5.8
2987,MO,1/1/2015,8.5
2988,MS,1/1/2014,10.93
2989,MS,1/1/2015,14.8
2990,MS,1/1/2014,5.89
2991,MS,1/1/2015,5.5
2992,MS,1/1/2014,19.28
2993,MS,1/1/2015,24.3
2994,MS,1/1/2014,16.14
2995,MS,1/1/2015,17.7
2998,MS,1/1/2014,18.89
2999,MS,1/1/2015,20.5
3008,MS,1/1/2014,22.5
3009,MS,1/1/2015,19.5
3014,MS,1/1/2014,27.92
3015,MS,1/1/2015,33.7
3016,MS,1/1/2014,9.71
3017,MS,1/1/2015,12.7
3018,MS,1/1/2014,8.77
3019,MS,1/1/2015,9.9
3020,MS,1/1/2014,4.04
3021,MS,1/1/2015,4.3
3022,MS,1/1/2014,8.74
3023,MS,1/1/2015,8.0
3026,MS,1/1/2014,11.9
3027,MS,1/1/2015,10.5
3030,MS,1/1/2014,18.03
3031,MS,1/1/2015,19.7
3032,MS,1/1/2014,5.22
3033,MS,1/1/2015,5.3
3034,MS,1/1/2014,8.6
3035,MS,1/1/2015,9.4
3036,MS,1/1/2014,20.28
3037,MS,1/1/2015,21.0
3038,MS,1/1/2014,18.07
3039,MS,1/1/2015,19.2
3040,MS,1/1/2014,26.37
3041,MS,1/1/2015,24.7
3043,MS,1/1/2014,6.14
3045,MS,1/1/2014,8.65
3046,MS,1/1/2015,6.6
3047,MS,1/1/2014,12.27
3048,MS,1/1/2015,12.3
3051,MS,1/1/2014,25.8
3052,MS,1/1/2015,29.3
3053,MS,1/1/2014,9.21
3054,MS,1/1/2015,9.0
3057,MS,1/1/2014,4.78
3058,MS,1/1/2015,4.6
3059,MS,1/1/2014,3.67
3060,MS,1/1/2015,5.8
3061,MS,1/1/2014,9.04
3062,MS,1/1/2015,9.7
3063,MS,1/1/2014,12.04
3065,MS,1/1/2014,12.26
3066,MS,1/1/2015,11.4
3067,MS,1/1/2014,4.97
3068,MS,1/1/2015,5.4
3069,MS,1/1/2014,17.9
3070,MS,1/1/2015,17.1
3071,MS,1/1/2014,8.74
3072,MS,1/1/2015,9.2
3073,MS,1/1/2014,6.25
3074,MS,1/1/2015,8.1
3075,MS,1/1/2014,10.21
3076,MS,1/1/2015,8.7
3077,MS,1/1/2014,18.37
3078,MS,1/1/2015,18.8
3079,MS,1/1/2014,8.57
3080,MS,1/1/2015,11.8
3085,MS,1/1/2014,4.85
3086,MS,1/1/2015,5.7
3087,MS,1/1/2014,7.88
3088,MS,1/1/2015,7.1
3089,MS,1/1/2014,16.91
3091,MS,1/1/2014,4.06
3092,MS,1/1/2015,3.3
3093,MS,1/1/2014,8.63
3094,MS,1/1/2015,8.6
3095,MS,1/1/2014,4.72
3096,MS,1/1/2015,5.9
3097,MS,1/1/2014,11.69
3098,MS,1/1/2015,12.0
3099,MS,1/1/2014,11.11
3100,MS,1/1/2015,13.7
3105,MS,1/1/2014,17.88
3106,MS,1/1/2015,24.3
3107,MS,1/1/2014,4.11
3108,MS,1/1/2015,4.0
3109,MS,1/1/2014,15.73
3110,MS,1/1/2015,17.0
3113,MS,1/1/2014,7.78
3114,MS,1/1/2015,7.8
3116,MS,1/1/2015,9.6
3119,MS,1/1/2014,12.92
3120,MS,1/1/2015,14.6
3121,MS,1/1/2014,12.15
3122,MS,1/1/2015,13.4
3123,MS,1/1/2014,5.66
3124,MS,1/1/2015,8.9
3125,MS,1/1/2014,7.86
3126,MS,1/1/2015,8.6
3129,MS,1/1/2014,18.72
3130,MS,1/1/2015,19.6
3131,MS,1/1/2014,6.41
3132,MS,1/1/2015,5.4
3133,MS,1/1/2014,13.91
3134,MS,1/1/2015,16.9
3135,MS,1/1/2014,10.81
3136,MS,1/1/2015,12.2
3137,MS,1/1/2014,19.2
3138,MS,1/1/2015,22.4
3139,MS,1/1/2014,10.89
3140,MS,1/1/2015,13.3
3143,MS,1/1/2014,18.39
3144,MS,1/1/2015,16.0
3147,MS,1/1/2014,14.39
3148,MS,1/1/2015,19.2
3149,MS,1/1/2014,12.62
3150,MS,1/1/2015,9.7
3161,MT,1/1/2014,4.62
3162,MT,1/1/2015,4.7
3176,MT,1/1/2014,2.78
3177,MT,1/1/2015,2.5
3181,MT,1/1/2015,13.2
3190,MT,1/1/2014,5.05
3192,MT,1/1/2014,2.59
3202,MT,1/1/2014,2.43
3219,MT,1/1/2014,18.0
3220,MT,1/1/2015,20.7
3221,MT,1/1/2014,15.65
3241,MT,1/1/2014,2.82
3242,MT,1/1/2015,2.6
3243,NC,1/1/2014,4.94
3244,NC,1/1/2015,4.6
3245,NC,1/1/2014,6.27
3246,NC,1/1/2015,7.2
3249,NC,1/1/2014,11.23
3250,NC,1/1/2015,10.4
3255,NC,1/1/2014,6.41
3256,NC,1/1/2015,5.8
3257,NC,1/1/2014,6.92
3259,NC,1/1/2014,11.22
3260,NC,1/1/2015,10.5
3261,NC,1/1/2014,5.44
3262,NC,1/1/2015,6.3
3263,NC,1/1/2014,4.48
3264,NC,1/1/2015,3.7
3265,NC,1/1/2014,5.7
3266,NC,1/1/2015,4.1
3267,NC,1/1/2014,5.23
3268,NC,1/1/2015,5.1
3269,NC,1/1/2014,4.91
3270,NC,1/1/2015,5.4
3273,NC,1/1/2014,3.55
3274,NC,1/1/2015,3.5
3277,NC,1/1/2014,6.6
3278,NC,1/1/2015,7.2
3279,NC,1/1/2014,7.14
3280,NC,1/1/2015,5.2
3281,NC,1/1/2014,5.31
3282,NC,1/1/2015,6.1
3287,NC,1/1/2014,8.64
3288,NC,1/1/2015,6.8
3289,NC,1/1/2014,14.7
3290,NC,1/1/2015,12.9
3291,NC,1/1/2014,6.83
3292,NC,1/1/2015,6.2
3293,NC,1/1/2014,9.52
3294,NC,1/1/2015,10.1
3299,NC,1/1/2014,3.86
3300,NC,1/1/2015,3.6
3301,NC,1/1/2014,3.94
3302,NC,1/1/2015,4.3
3303,NC,1/1/2014,8.22
3304,NC,1/1/2015,7.9
3305,NC,1/1/2014,11.29
3306,NC,1/1/2015,9.5
3307,NC,1/1/2014,12.2
3308,NC,1/1/2015,12.1
3309,NC,1/1/2014,6.44
3310,NC,1/1/2015,5.8
3311,NC,1/1/2014,5.51
3312,NC,1/1/2015,4.8
3313,NC,1/1/2014,5.15
3314,NC,1/1/2015,5.1
3319,NC,1/1/2014,5.53
3320,NC,1/1/2015,3.2
3321,NC,1/1/2014,6.85
3322,NC,1/1/2015,7.4
3323,NC,1/1/2014,7.19
3324,NC,1/1/2015,7.0
3325,NC,1/1/2014,11.33
3326,NC,1/1/2015,12.5
3327,NC,1/1/2014,7.26
3328,NC,1/1/2015,7.3
3329,NC,1/1/2014,2.46
3330,NC,1/1/2015,3.1
3331,NC,1/1/2014,3.79
3332,NC,1/1/2015,4.3
3333,NC,1/1/2014,5.9
3334,NC,1/1/2015,7.3
3335,NC,1/1/2014,7.72
3336,NC,1/1/2015,8.5
3339,NC,1/1/2014,4.48
3340,NC,1/1/2015,4.1
3343,NC,1/1/2014,5.43
3344,NC,1/1/2015,5.0
3347,NC,1/1/2014,11.89
3348,NC,1/1/2015,10.3
3349,NC,1/1/2014,7.95
3350,NC,1/1/2015,8.6
3351,NC,1/1/2014,4.65
3352,NC,1/1/2015,4.9
3353,NC,1/1/2014,4.33
3357,NC,1/1/2014,8.15
3358,NC,1/1/2015,8.0
3359,NC,1/1/2014,5.81
3360,NC,1/1/2015,5.5
3361,NC,1/1/2014,8.76
3362,NC,1/1/2015,7.3
3365,NC,1/1/2014,7.28
3366,NC,1/1/2015,10.2
3367,NC,1/1/2014,7.12
3368,NC,1/1/2015,7.5
3369,NC,1/1/2014,11.33
3370,NC,1/1/2015,12.5
3371,NC,1/1/2014,5.34
3372,NC,1/1/2015,4.5
3373,NC,1/1/2014,9.68
3374,NC,1/1/2015,12.3
3375,NC,1/1/2014,4.83
3376,NC,1/1/2015,4.8
3377,NC,1/1/2014,4.05
3378,NC,1/1/2015,2.6
3381,NC,1/1/2014,6.18
3382,NC,1/1/2015,5.1
3383,NC,1/1/2014,3.82
3384,NC,1/1/2015,3.3
3387,NC,1/1/2014,7.78
3388,NC,1/1/2015,7.4
3389,NC,1/1/2014,8.1
3390,NC,1/1/2015,7.8
3393,NC,1/1/2014,5.05
3394,NC,1/1/2015,4.5
3395,NC,1/1/2014,10.46
3396,NC,1/1/2015,10.5
3397,NC,1/1/2014,23.24
3398,NC,1/1/2015,22.7
3399,NC,1/1/2014,6.75
3400,NC,1/1/2015,6.1
3401,NC,1/1/2014,6.53
3402,NC,1/1/2015,5.7
3403,NC,1/1/2014,5.6
3404,NC,1/1/2015,4.7
3405,NC,1/1/2014,11.44
3406,NC,1/1/2015,10.8
3407,NC,1/1/2014,18.07
3408,NC,1/1/2015,21.0
3409,NC,1/1/2014,4.78
3410,NC,1/1/2015,4.9
3411,NC,1/1/2014,3.96
3412,NC,1/1/2015,2.9
3413,NC,1/1/2014,5.48
3414,NC,1/1/2015,5.3
3415,NC,1/1/2014,15.62
3416,NC,1/1/2015,13.8
3421,NC,1/1/2014,4.83
3422,NC,1/1/2015,4.5
3423,NC,1/1/2014,15.01
3424,NC,1/1/2015,18.9
3425,NC,1/1/2014,3.63
3426,NC,1/1/2015,3.0
3427,NC,1/1/2014,10.33
3428,NC,1/1/2015,12.0
3432,NC,1/1/2015,2.9
3433,NC,1/1/2014,10.56
3434,NC,1/1/2015,10.8
3435,NC,1/1/2014,4.78
3436,NC,1/1/2015,5.2
3437,NC,1/1/2014,11.26
3438,NC,1/1/2015,9.6
3439,NC,1/1/2014,3.76
3456,ND,1/1/2015,1.7
3530,ND,1/1/2015,2.3
3583,NE,1/1/2014,6.72
3584,NE,1/1/2015,7.3
3604,NE,1/1/2014,3.05
3605,NE,1/1/2015,2.8
3628,NE,1/1/2014,1.61
3629,NE,1/1/2015,1.9
3631,NE,1/1/2015,5.2
3664,NE,1/1/2014,1.45
3665,NE,1/1/2015,1.2
3669,NE,1/1/2015,4.9
3692,NH,1/1/2014,2.61
3693,NH,1/1/2015,2.2
3700,NH,1/1/2014,1.63
3701,NH,1/1/2015,1.9
3702,NH,1/1/2014,1.43
3703,NH,1/1/2015,1.4
3704,NH,1/1/2014,1.86
3705,NH,1/1/2015,1.4
3706,NH,1/1/2014,0.97
3707,NH,1/1/2015,1.0
3708,NH,1/1/2014,1.18
3712,NJ,1/1/2014,6.15
3713,NJ,1/1/2015,7.7
3714,NJ,1/1/2014,1.28
3715,NJ,1/1/2015,1.3
3716,NJ,1/1/2014,2.3
3717,NJ,1/1/2015,2.5
3718,NJ,1/1/2014,9.02
3719,NJ,1/1/2015,10.0
3720,NJ,1/1/2014,2.32
3721,NJ,1/1/2015,2.3
3722,NJ,1/1/2014,7.6
3723,NJ,1/1/2015,7.7
3724,NJ,1/1/2014,16.58
3725,NJ,1/1/2015,15.8
3726,NJ,1/1/2014,2.53
3727,NJ,1/1/2015,2.5
3728,NJ,1/1/2014,5.74
3729,NJ,1/1/2015,4.4
3732,NJ,1/1/2014,6.48
3733,NJ,1/1/2015,6.1
3734,NJ,1/1/2014,1.91
3735,NJ,1/1/2015,1.9
3736,NJ,1/1/2014,1.8
3737,NJ,1/1/2015,2.2
3738,NJ,1/1/2014,0.61
3739,NJ,1/1/2015,0.6
3740,NJ,1/1/2014,1.52
3741,NJ,1/1/2015,1.6
3742,NJ,1/1/2014,4.5
3743,NJ,1/1/2015,4.5
3744,NJ,1/1/2014,4.35
3745,NJ,1/1/2015,3.3
3746,NJ,1/1/2014,1.62
3747,NJ,1/1/2015,1.5
3748,NJ,1/1/2014,0.95
3749,NJ,1/1/2015,1.3
3750,NJ,1/1/2014,5.6
3751,NJ,1/1/2015,6.0
3752,NJ,1/1/2014,1.57
3753,NJ,1/1/2015,1.5
3754,NM,1/1/2014,8.09
3755,NM,1/1/2015,7.1
3758,NM,1/1/2014,13.94
3759,NM,1/1/2015,12.8
3760,NM,1/1/2014,8.94
3761,NM,1/1/2015,10.0
3764,NM,1/1/2014,7.63
3765,NM,1/1/2015,6.7
3768,NM,1/1/2014,3.84
3769,NM,1/1/2015,3.6
3770,NM,1/1/2014,7.67
3771,NM,1/1/2015,8.0
3772,NM,1/1/2014,7.73
3773,NM,1/1/2015,10.6
3778,NM,1/1/2014,10.97
3779,NM,1/1/2015,11.8
3780,NM,1/1/2014,8.38
3784,NM,1/1/2014,9.65
3785,NM,1/1/2015,8.7
3786,NM,1/1/2014,13.93
3787,NM,1/1/2015,16.4
3790,NM,1/1/2014,7.3
3791,NM,1/1/2015,5.6
3792,NM,1/1/2014,15.77
3793,NM,1/1/2015,20.9
3794,NM,1/1/2014,13.86
3795,NM,1/1/2015,13.8
3798,NM,1/1/2014,8.7
3799,NM,1/1/2015,8.9
3800,NM,1/1/2014,11.18
3801,NM,1/1/2015,11.2
3802,NM,1/1/2014,4.45
3803,NM,1/1/2015,3.9
3804,NM,1/1/2014,5.09
3805,NM,1/1/2015,6.5
3810,NM,1/1/2014,7.51
3811,NM,1/1/2015,8.6
3816,NM,1/1/2014,11.53
3817,NM,1/1/2015,9.3
3822,NV,1/1/2014,8.03
3823,NV,1/1/2015,6.6
3827,NV,1/1/2015,3.3
3830,NV,1/1/2014,9.11
3831,NV,1/1/2015,10.0
3837,NV,1/1/2015,4.3
3840,NV,1/1/2014,6.4
3841,NV,1/1/2015,7.1
3846,NV,1/1/2014,5.21
3847,NV,1/1/2015,5.1
3850,NY,1/1/2014,2.68
3851,NY,1/1/2015,2.5
3854,NY,1/1/2014,10.19
3855,NY,1/1/2015,9.1
3856,NY,1/1/2014,2.99
3857,NY,1/1/2015,3.4
3858,NY,1/1/2014,2.11
3862,NY,1/1/2014,2.21
3863,NY,1/1/2015,2.9
3864,NY,1/1/2014,1.77
3865,NY,1/1/2015,2.2
3869,NY,1/1/2015,2.1
3870,NY,1/1/2014,2.71
3871,NY,1/1/2015,2.6
3876,NY,1/1/2014,3.0
3877,NY,1/1/2015,2.9
3878,NY,1/1/2014,6.58
3879,NY,1/1/2015,6.7
3894,NY,1/1/2014,2.76
3895,NY,1/1/2015,1.9
3896,NY,1/1/2014,9.1
3897,NY,1/1/2015,7.8
3904,NY,1/1/2014,6.36
3905,NY,1/1/2015,6.0
3908,NY,1/1/2014,2.2
3909,NY,1/1/2015,2.5
3910,NY,1/1/2014,4.34
3911,NY,1/1/2015,3.6
3912,NY,1/1/2014,3.3
3913,NY,1/1/2015,3.0
3914,NY,1/1/2014,3.53
3915,NY,1/1/2015,3.6
3916,NY,1/1/2014,4.57
3917,NY,1/1/2015,4.6
3918,NY,1/1/2014,2.03
3919,NY,1/1/2015,1.9
3920,NY,1/1/2014,2.79
3921,NY,1/1/2015,3.2
3924,NY,1/1/2014,1.98
3925,NY,1/1/2015,1.8
3928,NY,1/1/2014,1.58
3929,NY,1/1/2015,1.3
3930,NY,1/1/2014,4.49
3931,NY,1/1/2015,3.9
3932,NY,1/1/2014,1.9
3933,NY,1/1/2015,2.2
3934,NY,1/1/2014,4.36
3935,NY,1/1/2015,4.2
3936,NY,1/1/2014,1.22
3937,NY,1/1/2015,0.9
3938,NY,1/1/2014,0.66
3939,NY,1/1/2015,0.9
3940,NY,1/1/2014,4.51
3941,NY,1/1/2015,4.4
3948,NY,1/1/2014,2.05
3949,NY,1/1/2015,2.0
3950,NY,1/1/2014,1.74
3951,NY,1/1/2015,1.6
3952,NY,1/1/2014,2.72
3953,NY,1/1/2015,2.8
3954,NY,1/1/2014,1.85
3955,NY,1/1/2015,2.1
3958,NY,1/1/2014,1.71
3959,NY,1/1/2015,2.0
3960,NY,1/1/2014,1.96
3961,NY,1/1/2015,1.7
3965,NY,1/1/2015,3.2
3968,NY,1/1/2014,2.82
3969,NY,1/1/2015,2.8
3974,OH,1/1/2014,8.51
3975,OH,1/1/2015,9.6
3976,OH,1/1/2014,4.15
3977,OH,1/1/2015,5.0
3980,OH,1/1/2014,3.64
3981,OH,1/1/2015,3.4
3986,OH,1/1/2014,2.03
3987,OH,1/1/2015,2.7
3989,OH,1/1/2015,3.5
3990,OH,1/1/2014,2.94
3991,OH,1/1/2015,2.7
3996,OH,1/1/2014,5.31
3997,OH,1/1/2015,5.1
3998,OH,1/1/2014,1.11
3999,OH,1/1/2015,0.9
4002,OH,1/1/2014,3.14
4003,OH,1/1/2015,3.7
4008,OH,1/1/2014,9.13
4009,OH,1/1/2015,9.6
4010,OH,1/1/2014,2.69
4014,OH,1/1/2014,1.07
4015,OH,1/1/2015,1.2
4016,OH,1/1/2014,2.39
4017,OH,1/1/2015,3.9
4018,OH,1/1/2014,2.01
4019,OH,1/1/2015,2.1
4022,OH,1/1/2014,9.14
4023,OH,1/1/2015,8.3
4026,OH,1/1/2014,5.08
4027,OH,1/1/2015,7.3
4029,OH,1/1/2015,2.0
4030,OH,1/1/2014,1.71
4031,OH,1/1/2015,2.5
4034,OH,1/1/2014,10.29
4035,OH,1/1/2015,9.8
4036,OH,1/1/2014,1.92
4052,OH,1/1/2014,4.74
4053,OH,1/1/2015,4.4
4054,OH,1/1/2014,2.84
4055,OH,1/1/2015,4.7
4056,OH,1/1/2014,2.63
4057,OH,1/1/2015,3.2
4058,OH,1/1/2014,1.5
4059,OH,1/1/2015,1.7
4060,OH,1/1/2014,5.71
4061,OH,1/1/2015,4.0
4062,OH,1/1/2014,3.36
4063,OH,1/1/2015,3.4
4064,OH,1/1/2014,3.1
4066,OH,1/1/2014,3.21
4067,OH,1/1/2015,3.2
4068,OH,1/1/2014,5.67
4069,OH,1/1/2015,6.6
4072,OH,1/1/2014,11.48
4073,OH,1/1/2015,13.2
4076,OH,1/1/2014,0.93
4082,OH,1/1/2014,1.82
4083,OH,1/1/2015,1.7
4086,OH,1/1/2014,9.05
4087,OH,1/1/2015,9.3
4090,OH,1/1/2014,4.54
4092,OH,1/1/2014,2.83
4093,OH,1/1/2015,3.3
4106,OH,1/1/2014,2.24
4107,OH,1/1/2015,1.9
4112,OH,1/1/2014,3.16
4113,OH,1/1/2015,3.3
4114,OH,1/1/2014,3.71
4115,OH,1/1/2015,3.0
4116,OH,1/1/2014,2.32
4118,OH,1/1/2014,7.26
4119,OH,1/1/2015,8.2
4124,OH,1/1/2014,3.53
4125,OH,1/1/2015,4.5
4126,OH,1/1/2014,5.07
4127,OH,1/1/2015,5.7
4128,OH,1/1/2014,5.73
4129,OH,1/1/2015,6.5
4138,OH,1/1/2014,1.12
4139,OH,1/1/2015,1.4
4142,OH,1/1/2014,1.88
4143,OH,1/1/2015,2.0
4146,OH,1/1/2014,1.26
4147,OH,1/1/2015,1.8
4150,OK,1/1/2014,9.0
4151,OK,1/1/2015,11.2
4162,OK,1/1/2014,5.67
4163,OK,1/1/2015,7.4
4164,OK,1/1/2014,8.85
4165,OK,1/1/2015,5.4
4166,OK,1/1/2014,3.63
4167,OK,1/1/2015,3.9
4168,OK,1/1/2014,6.72
4169,OK,1/1/2015,7.4
4170,OK,1/1/2014,5.31
4171,OK,1/1/2015,5.9
4172,OK,1/1/2014,11.27
4173,OK,1/1/2015,11.4
4176,OK,1/1/2014,2.13
4177,OK,1/1/2015,2.7
4180,OK,1/1/2014,7.84
4181,OK,1/1/2015,8.4
4186,OK,1/1/2014,3.33
4187,OK,1/1/2015,3.9
4190,OK,1/1/2014,7.06
4191,OK,1/1/2015,7.9
4196,OK,1/1/2014,3.41
4197,OK,1/1/2015,3.9
4198,OK,1/1/2014,6.27
4199,OK,1/1/2015,5.6
4200,OK,1/1/2014,3.1
4201,OK,1/1/2015,3.1
4219,OK,1/1/2015,15.0
4220,OK,1/1/2014,4.6
4221,OK,1/1/2015,4.5
4228,OK,1/1/2014,4.91
4229,OK,1/1/2015,5.2
4230,OK,1/1/2014,4.68
4231,OK,1/1/2015,5.7
4232,OK,1/1/2014,3.69
4233,OK,1/1/2015,3.4
4240,OK,1/1/2014,4.59
4241,OK,1/1/2015,4.7
4242,OK,1/1/2014,4.44
4244,OK,1/1/2014,12.06
4245,OK,1/1/2015,11.4
4246,OK,1/1/2014,7.9
4250,OK,1/1/2014,6.31
4251,OK,1/1/2015,6.4
4258,OK,1/1/2014,9.1
4259,OK,1/1/2015,9.6
4260,OK,1/1/2014,7.57
4261,OK,1/1/2015,7.9
4262,OK,1/1/2014,4.87
4263,OK,1/1/2015,3.9
4265,OK,1/1/2015,4.4
4269,OK,1/1/2015,2.0
4270,OK,1/1/2014,7.92
4271,OK,1/1/2015,8.0
4272,OK,1/1/2014,3.94
4274,OK,1/1/2014,4.6
4275,OK,1/1/2015,6.4
4280,OK,1/1/2014,2.05
4282,OK,1/1/2014,7.96
4283,OK,1/1/2015,9.9
4284,OK,1/1/2014,6.2
4285,OK,1/1/2015,6.5
4286,OK,1/1/2014,3.89
4287,OK,1/1/2015,4.4
4292,OK,1/1/2014,9.56
4293,OK,1/1/2015,9.0
4294,OK,1/1/2014,4.6
4295,OK,1/1/2015,4.6
4297,OK,1/1/2015,2.9
4308,OR,1/1/2014,2.14
4309,OR,1/1/2015,2.0
4312,OR,1/1/2014,3.25
4313,OR,1/1/2015,3.6
4314,OR,1/1/2014,2.7
4315,OR,1/1/2015,3.2
4320,OR,1/1/2014,2.2
4321,OR,1/1/2015,1.8
4322,OR,1/1/2014,2.68
4323,OR,1/1/2015,3.7
4330,OR,1/1/2014,2.3
4331,OR,1/1/2015,3.1
4332,OR,1/1/2014,10.05
4333,OR,1/1/2015,11.2
4334,OR,1/1/2014,4.55
4335,OR,1/1/2015,3.8
4336,OR,1/1/2014,6.26
4337,OR,1/1/2015,5.5
4340,OR,1/1/2014,3.08
4341,OR,1/1/2015,2.8
4344,OR,1/1/2014,2.03
4345,OR,1/1/2015,1.7
4348,OR,1/1/2014,2.75
4349,OR,1/1/2015,2.9
4352,OR,1/1/2014,4.14
4353,OR,1/1/2015,3.5
4359,OR,1/1/2014,3.65
4360,OR,1/1/2015,4.0
4367,OR,1/1/2014,1.55
4368,OR,1/1/2015,1.7
4370,OR,1/1/2015,1.9
4371,PA,1/1/2014,1.71
4372,PA,1/1/2015,1.8
4373,PA,1/1/2014,7.63
4374,PA,1/1/2015,8.0
4375,PA,1/1/2014,2.25
4377,PA,1/1/2014,4.22
4378,PA,1/1/2015,4.9
4381,PA,1/1/2014,3.79
4382,PA,1/1/2015,3.8
4383,PA,1/1/2014,2.92
4384,PA,1/1/2015,2.4
4385,PA,1/1/2014,2.29
4386,PA,1/1/2015,2.1
4387,PA,1/1/2014,1.61
4388,PA,1/1/2015,1.6
4389,PA,1/1/2014,1.57
4390,PA,1/1/2015,1.6
4391,PA,1/1/2014,2.36
4392,PA,1/1/2015,2.7
4395,PA,1/1/2014,2.24
4399,PA,1/1/2014,1.65
4400,PA,1/1/2015,1.7
4409,PA,1/1/2014,4.0
4410,PA,1/1/2015,5.1
4411,PA,1/1/2014,1.0
4412,PA,1/1/2015,1.4
4413,PA,1/1/2014,5.77
4414,PA,1/1/2015,5.9
4415,PA,1/1/2014,7.49
4416,PA,1/1/2015,7.1
4419,PA,1/1/2014,2.46
4420,PA,1/1/2015,3.2
4421,PA,1/1/2014,3.37
4422,PA,1/1/2015,3.3
4425,PA,1/1/2014,1.89
4426,PA,1/1/2015,2.1
4429,PA,1/1/2014,4.01
4430,PA,1/1/2015,3.8
4434,PA,1/1/2015,2.3
4439,PA,1/1/2014,1.74
4440,PA,1/1/2015,1.7
4441,PA,1/1/2014,2.66
4442,PA,1/1/2015,2.7
4443,PA,1/1/2014,3.72
4444,PA,1/1/2015,5.3
4445,PA,1/1/2014,2.53
4446,PA,1/1/2015,2.2
4447,PA,1/1/2014,4.25
4448,PA,1/1/2015,4.7
4449,PA,1/1/2014,3.77
4450,PA,1/1/2015,4.4
4451,PA,1/1/2014,2.08
4452,PA,1/1/2015,2.1
4455,PA,1/1/2014,1.7
4456,PA,1/1/2015,1.6
4459,PA,1/1/2014,3.36
4460,PA,1/1/2015,3.4
4461,PA,1/1/2014,2.27
4462,PA,1/1/2015,2.1
4465,PA,1/1/2014,2.94
4466,PA,1/1/2015,3.1
4467,PA,1/1/2014,2.43
4468,PA,1/1/2015,1.8
4471,PA,1/1/2014,22.86
4472,PA,1/1/2015,20.3
4477,PA,1/1/2014,2.51
4478,PA,1/1/2015,2.0
4481,PA,1/1/2014,2.18
4482,PA,1/1/2015,2.1
4493,PA,1/1/2014,3.74
4495,PA,1/1/2014,2.22
4496,PA,1/1/2015,2.5
4497,PA,1/1/2014,3.32
4498,PA,1/1/2015,4.3
4499,PA,1/1/2014,1.99
4500,PA,1/1/2015,2.1
4503,PA,1/1/2014,3.39
4504,PA,1/1/2015,3.9
4507,RI,1/1/2014,1.44
4508,RI,1/1/2015,1.3
4511,RI,1/1/2014,4.1
4512,RI,1/1/2015,3.7
4515,SC,1/1/2014,6.09
4516,SC,1/1/2015,5.9
4517,SC,1/1/2014,7.03
4518,SC,1/1/2015,7.8
4519,SC,1/1/2014,14.55
4520,SC,1/1/2015,14.9
4521,SC,1/1/2014,7.97
4522,SC,1/1/2015,7.8
4523,SC,1/1/2014,12.34
4525,SC,1/1/2014,6.26
4526,SC,1/1/2015,7.8
4527,SC,1/1/2014,4.83
4528,SC,1/1/2015,6.1
4529,SC,1/1/2014,6.59
4530,SC,1/1/2015,6.2
4531,SC,1/1/2014,9.38
4533,SC,1/1/2014,10.76
4534,SC,1/1/2015,10.4
4535,SC,1/1/2014,8.39
4536,SC,1/1/2015,8.6
4537,SC,1/1/2014,10.72
4538,SC,1/1/2015,9.7
4539,SC,1/1/2014,5.94
4540,SC,1/1/2015,6.2
4541,SC,1/1/2014,9.56
4542,SC,1/1/2015,7.0
4543,SC,1/1/2014,14.73
4544,SC,1/1/2015,16.5
4545,SC,1/1/2014,11.68
4546,SC,1/1/2015,13.5
4547,SC,1/1/2014,10.87
4548,SC,1/1/2015,12.6
4549,SC,1/1/2014,5.3
4550,SC,1/1/2015,5.6
4551,SC,1/1/2014,6.47
4552,SC,1/1/2015,7.5
4553,SC,1/1/2014,10.67
4554,SC,1/1/2015,10.5
4555,SC,1/1/2014,8.98
4556,SC,1/1/2015,7.7
4557,SC,1/1/2014,6.43
4558,SC,1/1/2015,8.8
4559,SC,1/1/2014,6.16
4560,SC,1/1/2015,5.9
4561,SC,1/1/2014,6.05
4562,SC,1/1/2015,7.4
4563,SC,1/1/2014,12.83
4564,SC,1/1/2015,15.3
4565,SC,1/1/2014,7.19
4566,SC,1/1/2015,6.9
4567,SC,1/1/2014,15.5
4568,SC,1/1/2015,18.0
4569,SC,1/1/2014,6.54
4570,SC,1/1/2015,7.8
4571,SC,1/1/2014,6.7
4572,SC,1/1/2015,9.5
4573,SC,1/1/2014,7.65
4574,SC,1/1/2015,9.1
4575,SC,1/1/2014,15.18
4576,SC,1/1/2015,12.7
4577,SC,1/1/2014,4.63
4578,SC,1/1/2015,5.0
4579,SC,1/1/2014,11.4
4580,SC,1/1/2015,14.3
4581,SC,1/1/2014,16.84
4582,SC,1/1/2015,16.3
4585,SC,1/1/2014,4.64
4586,SC,1/1/2015,4.8
4587,SC,1/1/2014,5.74
4588,SC,1/1/2015,4.7
4589,SC,1/1/2014,14.85
4590,SC,1/1/2015,14.6
4591,SC,1/1/2014,4.28
4592,SC,1/1/2015,5.2
4593,SC,1/1/2014,9.86
4594,SC,1/1/2015,8.0
4595,SC,1/1/2014,7.36
4596,SC,1/1/2015,8.3
4597,SC,1/1/2014,8.35
4598,SC,1/1/2015,7.9
4599,SC,1/1/2014,10.6
4600,SC,1/1/2015,11.2
4601,SC,1/1/2014,5.39
4602,SC,1/1/2015,8.5
4603,SC,1/1/2014,13.02
4604,SC,1/1/2015,14.8
4605,SC,1/1/2014,5.33
4606,SC,1/1/2015,5.8
4690,SD,1/1/2014,2.45
4691,SD,1/1/2015,2.7
4694,SD,1/1/2014,2.07
4695,SD,1/1/2015,2.8
4704,SD,1/1/2014,18.23
4705,SD,1/1/2015,14.6
4711,SD,1/1/2015,18.1
4724,TN,1/1/2014,4.66
4725,TN,1/1/2015,4.4
4726,TN,1/1/2014,5.28
4727,TN,1/1/2015,4.7
4732,TN,1/1/2014,3.36
4733,TN,1/1/2015,2.8
4734,TN,1/1/2014,3.43
4735,TN,1/1/2015,4.0
4736,TN,1/1/2014,5.28
4740,TN,1/1/2014,7.46
4742,TN,1/1/2014,3.71
4743,TN,1/1/2015,2.3
4744,TN,1/1/2014,7.44
4745,TN,1/1/2015,8.0
4746,TN,1/1/2014,9.44
4747,TN,1/1/2015,10.3
4748,TN,1/1/2014,6.77
4752,TN,1/1/2014,6.49
4753,TN,1/1/2015,6.7
4754,TN,1/1/2014,4.69
4755,TN,1/1/2015,5.0
4758,TN,1/1/2014,7.69
4759,TN,1/1/2015,7.7
4760,TN,1/1/2014,12.16
4761,TN,1/1/2015,10.0
4766,TN,1/1/2014,5.07
4767,TN,1/1/2015,6.3
4768,TN,1/1/2014,6.38
4769,TN,1/1/2015,5.6
4770,TN,1/1/2014,7.08
4771,TN,1/1/2015,6.8
4776,TN,1/1/2014,4.99
4777,TN,1/1/2015,5.7
4782,TN,1/1/2014,4.23
4783,TN,1/1/2015,5.2
4784,TN,1/1/2014,10.22
4786,TN,1/1/2014,3.27
4787,TN,1/1/2015,3.8
4788,TN,1/1/2014,6.28
4789,TN,1/1/2015,7.2
4792,TN,1/1/2014,13.4
4793,TN,1/1/2015,12.8
4794,TN,1/1/2014,6.62
4795,TN,1/1/2015,6.7
4796,TN,1/1/2014,3.3
4797,TN,1/1/2015,3.5
4799,TN,1/1/2015,8.4
4802,TN,1/1/2014,7.18
4803,TN,1/1/2015,6.2
4812,TN,1/1/2014,4.31
4813,TN,1/1/2015,3.8
4816,TN,1/1/2014,6.68
4817,TN,1/1/2015,6.0
4820,TN,1/1/2014,8.27
4821,TN,1/1/2015,11.1
4822,TN,1/1/2014,4.17
4823,TN,1/1/2015,5.0
4826,TN,1/1/2014,7.02
4827,TN,1/1/2015,7.5
4830,TN,1/1/2014,7.24
4831,TN,1/1/2015,7.2
4832,TN,1/1/2014,9.31
4833,TN,1/1/2015,11.1
4838,TN,1/1/2014,9.41
4839,TN,1/1/2015,9.3
4840,TN,1/1/2014,3.59
4841,TN,1/1/2015,4.0
4842,TN,1/1/2014,7.27
4843,TN,1/1/2015,6.5
4845,TN,1/1/2015,12.7
4846,TN,1/1/2014,5.93
4847,TN,1/1/2015,6.4
4848,TN,1/1/2014,7.19
4849,TN,1/1/2015,6.7
4853,TN,1/1/2015,7.2
4864,TN,1/1/2014,3.5
4865,TN,1/1/2015,3.5
4866,TN,1/1/2014,5.57
4868,TN,1/1/2014,6.1
4869,TN,1/1/2015,6.3
4870,TN,1/1/2014,6.82
4871,TN,1/1/2015,6.8
4872,TN,1/1/2014,4.33
4873,TN,1/1/2015,4.3
4878,TN,1/1/2014,2.68
4879,TN,1/1/2015,2.5
4880,TN,1/1/2014,16.81
4881,TN,1/1/2015,16.7
4886,TN,1/1/2014,3.04
4887,TN,1/1/2015,3.1
4888,TN,1/1/2014,3.01
4889,TN,1/1/2015,3.3
4890,TN,1/1/2014,6.36
4891,TN,1/1/2015,6.1
4900,TN,1/1/2014,3.99
4901,TN,1/1/2015,3.6
4902,TN,1/1/2014,4.49
4903,TN,1/1/2015,3.4
4904,TN,1/1/2014,9.23
4905,TN,1/1/2015,8.9
4907,TN,1/1/2015,4.1
4908,TN,1/1/2014,5.69
4909,TN,1/1/2015,5.9
4910,TN,1/1/2014,2.13
4911,TN,1/1/2015,1.9
4912,TN,1/1/2014,2.82
4913,TN,1/1/2015,2.9
4914,TX,1/1/2014,6.7
4915,TX,1/1/2015,7.0
4918,TX,1/1/2014,5.76
4919,TX,1/1/2015,5.8
4920,TX,1/1/2014,9.82
4921,TX,1/1/2015,9.3
4925,TX,1/1/2014,6.56
4926,TX,1/1/2015,4.7
4933,TX,1/1/2014,3.83
4934,TX,1/1/2015,3.8
4939,TX,1/1/2014,6.27
4940,TX,1/1/2015,5.2
4941,TX,1/1/2014,7.63
4942,TX,1/1/2015,7.0
4947,TX,1/1/2014,9.92
4948,TX,1/1/2015,9.7
4949,TX,1/1/2014,3.91
4950,TX,1/1/2015,4.1
4951,TX,1/1/2014,2.85
4952,TX,1/1/2015,3.1
4957,TX,1/1/2014,4.12
4958,TX,1/1/2015,4.0
4969,TX,1/1/2014,2.29
4970,TX,1/1/2015,2.4
4976,TX,1/1/2015,7.4
4979,TX,1/1/2014,6.83
4980,TX,1/1/2015,6.1
4982,TX,1/1/2015,3.3
4993,TX,1/1/2014,1.84
4994,TX,1/1/2015,1.6
4998,TX,1/1/2015,8.5
4999,TX,1/1/2014,2.46
5000,TX,1/1/2015,3.7
5005,TX,1/1/2014,5.61
5006,TX,1/1/2015,5.6
5007,TX,1/1/2014,2.91
5008,TX,1/1/2015,3.3
5017,TX,1/1/2014,10.11
5018,TX,1/1/2015,8.5
5027,TX,1/1/2014,2.54
5028,TX,1/1/2015,1.9
5038,TX,1/1/2014,6.01
5039,TX,1/1/2015,6.0
5042,TX,1/1/2014,2.83
5043,TX,1/1/2015,2.9
5044,TX,1/1/2014,4.11
5045,TX,1/1/2015,4.6
5046,TX,1/1/2014,4.3
5050,TX,1/1/2014,4.26
5051,TX,1/1/2015,4.2
5052,TX,1/1/2014,5.98
5059,TX,1/1/2014,4.74
5060,TX,1/1/2015,4.1
5065,TX,1/1/2014,9.33
5069,TX,1/1/2014,7.19
5070,TX,1/1/2015,6.2
5081,TX,1/1/2014,4.6
5082,TX,1/1/2015,3.9
5083,TX,1/1/2014,8.82
5084,TX,1/1/2015,8.7
5087,TX,1/1/2014,3.05
5088,TX,1/1/2015,2.9
5099,TX,1/1/2014,2.72
5100,TX,1/1/2015,4.8
5101,TX,1/1/2014,10.37
5102,TX,1/1/2015,9.2
5103,TX,1/1/2014,9.16
5104,TX,1/1/2015,8.4
5109,TX,1/1/2014,2.05
5110,TX,1/1/2015,2.1
5113,TX,1/1/2014,4.02
5114,TX,1/1/2015,4.3
5115,TX,1/1/2014,4.63
5116,TX,1/1/2015,4.6
5121,TX,1/1/2014,2.93
5122,TX,1/1/2015,3.0
5126,TX,1/1/2015,7.3
5127,TX,1/1/2014,4.2
5128,TX,1/1/2015,4.6
5131,TX,1/1/2014,6.28
5132,TX,1/1/2015,4.2
5143,TX,1/1/2014,9.5
5144,TX,1/1/2015,8.9
5147,TX,1/1/2014,5.99
5148,TX,1/1/2015,7.6
5149,TX,1/1/2014,2.95
5150,TX,1/1/2015,2.9
5155,TX,1/1/2014,5.43
5156,TX,1/1/2015,5.0
5159,TX,1/1/2014,3.86
5160,TX,1/1/2015,5.1
5171,TX,1/1/2014,5.49
5172,TX,1/1/2015,6.1
5183,TX,1/1/2014,7.65
5184,TX,1/1/2015,5.4
5185,TX,1/1/2014,9.28
5186,TX,1/1/2015,8.0
5193,TX,1/1/2014,6.23
5194,TX,1/1/2015,5.5
5205,TX,1/1/2014,9.31
5206,TX,1/1/2015,9.0
5211,TX,1/1/2014,6.29
5212,TX,1/1/2015,5.5
5213,TX,1/1/2014,5.15
5214,TX,1/1/2015,5.3
5217,TX,1/1/2014,2.55
5218,TX,1/1/2015,3.3
5219,TX,1/1/2014,5.72
5227,TX,1/1/2014,3.63
5228,TX,1/1/2015,3.6
5233,TX,1/1/2014,6.87
5234,TX,1/1/2015,6.2
5235,TX,1/1/2014,3.33
5238,TX,1/1/2015,10.7
5241,TX,1/1/2014,6.04
5242,TX,1/1/2015,5.9
5246,TX,1/1/2014,4.51
5247,TX,1/1/2015,5.7
5248,TX,1/1/2014,6.69
5249,TX,1/1/2015,8.4
5252,TX,1/1/2014,3.15
5253,TX,1/1/2015,3.2
5258,TX,1/1/2014,8.78
5259,TX,1/1/2015,6.9
5260,TX,1/1/2014,8.25
5261,TX,1/1/2015,7.9
5266,TX,1/1/2014,2.61
5267,TX,1/1/2015,2.8
5280,TX,1/1/2014,2.28
5281,TX,1/1/2015,2.4
5284,TX,1/1/2014,5.85
5285,TX,1/1/2015,4.6
5290,TX,1/1/2014,8.94
5291,TX,1/1/2015,8.7
5292,TX,1/1/2014,3.44
5293,TX,1/1/2015,3.7
5302,TX,1/1/2014,9.01
5303,TX,1/1/2015,9.9
5305,TX,1/1/2014,5.31
5306,TX,1/1/2015,4.4
5309,TX,1/1/2014,8.18
5310,TX,1/1/2015,5.8
5317,TX,1/1/2014,5.27
5318,TX,1/1/2015,4.9
5319,TX,1/1/2014,4.55
5320,TX,1/1/2015,4.6
5323,TX,1/1/2014,6.57
5324,TX,1/1/2015,6.2
5325,TX,1/1/2014,3.74
5326,TX,1/1/2015,4.1
5327,TX,1/1/2014,3.37
5328,TX,1/1/2015,2.8
5332,TX,1/1/2015,6.4
5333,TX,1/1/2014,5.58
5334,TX,1/1/2015,4.1
5337,TX,1/1/2014,5.44
5339,TX,1/1/2014,3.59
5340,TX,1/1/2015,3.0
5341,TX,1/1/2014,5.76
5342,TX,1/1/2015,4.8
5343,TX,1/1/2014,5.85
5344,TX,1/1/2015,5.5
5345,TX,1/1/2014,4.77
5346,TX,1/1/2015,5.3
5347,TX,1/1/2014,8.27
5348,TX,1/1/2015,8.9
5352,TX,1/1/2015,5.1
5353,TX,1/1/2014,7.43
5354,TX,1/1/2015,5.4
5356,TX,1/1/2015,4.3
5359,TX,1/1/2014,5.45
5360,TX,1/1/2015,4.7
5365,TX,1/1/2014,1.38
5366,TX,1/1/2015,1.5
5367,TX,1/1/2014,3.56
5368,TX,1/1/2015,5.0
5371,TX,1/1/2014,2.75
5372,TX,1/1/2015,2.5
5373,TX,1/1/2014,4.17
5374,TX,1/1/2015,4.9
5391,UT,1/1/2014,1.2
5392,UT,1/1/2015,1.2
5413,UT,1/1/2014,3.13
5414,UT,1/1/2015,2.8
5427,UT,1/1/2014,0.92
5428,UT,1/1/2015,1.0
5431,UT,1/1/2014,1.45
5432,UT,1/1/2015,1.9
5435,UT,1/1/2014,2.22
5436,UT,1/1/2015,1.9
5437,VA,1/1/2014,8.66
5438,VA,1/1/2015,13.7
5440,VA,1/1/2015,1.8
5441,VA,1/1/2014,4.11
5442,VA,1/1/2015,2.7
5449,VA,1/1/2014,9.89
5451,VA,1/1/2014,1.62
5452,VA,1/1/2015,1.6
5453,VA,1/1/2014,4.36
5454,VA,1/1/2015,2.8
5469,VA,1/1/2014,9.23
5470,VA,1/1/2015,10.1
5475,VA,1/1/2014,4.79
5476,VA,1/1/2015,5.2
5477,VA,1/1/2014,5.3
5479,VA,1/1/2014,4.78
5485,VA,1/1/2014,5.48
5486,VA,1/1/2015,4.0
5487,VA,1/1/2014,6.5
5488,VA,1/1/2015,5.9
5489,VA,1/1/2014,4.73
5490,VA,1/1/2015,3.9
5503,VA,1/1/2014,17.1
5504,VA,1/1/2015,18.6
5507,VA,1/1/2014,5.81
5513,VA,1/1/2014,2.12
5514,VA,1/1/2015,1.9
5519,VA,1/1/2014,3.58
5520,VA,1/1/2015,3.7
5525,VA,1/1/2014,3.71
5526,VA,1/1/2015,3.5
5529,VA,1/1/2014,3.49
5530,VA,1/1/2015,3.7
5547,VA,1/1/2014,6.68
5548,VA,1/1/2015,7.3
5549,VA,1/1/2014,8.6
5550,VA,1/1/2015,8.0
5551,VA,1/1/2014,2.62
5552,VA,1/1/2015,3.2
5555,VA,1/1/2014,5.81
5556,VA,1/1/2015,5.1
5557,VA,1/1/2014,9.84
5558,VA,1/1/2015,10.3
5559,VA,1/1/2014,12.77
5560,VA,1/1/2015,14.1
5561,VA,1/1/2014,5.04
5562,VA,1/1/2015,7.2
5573,VA,1/1/2014,7.32
5574,VA,1/1/2015,7.1
5577,VA,1/1/2014,1.18
5578,VA,1/1/2015,1.0
5580,VA,1/1/2015,5.1
5583,VA,1/1/2014,3.37
5584,VA,1/1/2015,2.7
5589,VA,1/1/2014,5.93
5595,VA,1/1/2014,6.11
5596,VA,1/1/2015,5.9
5599,VA,1/1/2014,4.23
5600,VA,1/1/2015,3.8
5605,VA,1/1/2014,11.5
5606,VA,1/1/2015,10.2
5607,VA,1/1/2014,15.11
5608,VA,1/1/2015,11.8
5609,VA,1/1/2014,11.31
5617,VA,1/1/2014,4.5
5623,VA,1/1/2014,22.6
5624,VA,1/1/2015,24.1
5625,VA,1/1/2014,4.77
5626,VA,1/1/2015,4.9
5629,VA,1/1/2014,15.61
5630,VA,1/1/2015,14.7
5635,VA,1/1/2014,4.48
5637,VA,1/1/2014,2.98
5638,VA,1/1/2015,2.7
5647,VA,1/1/2014,27.93
5648,VA,1/1/2015,19.6
5649,VA,1/1/2014,2.52
5650,VA,1/1/2015,2.8
5651,VA,1/1/2014,10.35
5652,VA,1/1/2015,9.2
5665,VA,1/1/2014,4.4
5667,VA,1/1/2014,8.61
5669,VA,1/1/2014,2.3
5670,VA,1/1/2015,2.3
5671,VA,1/1/2014,3.28
5672,VA,1/1/2015,3.1
5673,VA,1/1/2014,6.02
5675,VA,1/1/2014,7.42
5676,VA,1/1/2015,6.6
5681,VA,1/1/2014,7.06
5682,VA,1/1/2015,5.8
5683,VA,1/1/2014,4.42
5684,VA,1/1/2015,4.0
5687,VA,1/1/2014,2.92
5688,VA,1/1/2015,2.8
5698,VA,1/1/2015,4.4
5709,VT,1/1/2014,1.67
5710,VT,1/1/2015,1.3
5723,VT,1/1/2014,2.29
5724,VT,1/1/2015,2.7
5735,WA,1/1/2014,2.61
5736,WA,1/1/2015,1.8
5737,WA,1/1/2014,2.65
5738,WA,1/1/2015,3.6
5739,WA,1/1/2014,2.66
5740,WA,1/1/2015,4.3
5741,WA,1/1/2014,2.74
5742,WA,1/1/2015,2.4
5745,WA,1/1/2014,3.15
5746,WA,1/1/2015,3.6
5751,WA,1/1/2014,4.21
5752,WA,1/1/2015,3.6
5755,WA,1/1/2014,5.31
5756,WA,1/1/2015,5.4
5757,WA,1/1/2014,2.8
5758,WA,1/1/2015,3.6
5763,WA,1/1/2014,3.46
5764,WA,1/1/2015,2.9
5765,WA,1/1/2014,1.8
5766,WA,1/1/2015,1.7
5771,WA,1/1/2014,3.49
5772,WA,1/1/2015,4.5
5775,WA,1/1/2014,3.45
5776,WA,1/1/2015,3.6
5777,WA,1/1/2014,6.09
5778,WA,1/1/2015,5.0
5783,WA,1/1/2014,4.09
5784,WA,1/1/2015,3.9
5787,WA,1/1/2014,2.89
5788,WA,1/1/2015,2.8
5791,WA,1/1/2014,2.33
5792,WA,1/1/2015,2.0
5793,WA,1/1/2014,3.27
5794,WA,1/1/2015,3.1
5795,WA,1/1/2014,4.02
5796,WA,1/1/2015,4.3
5797,WA,1/1/2014,2.28
5798,WA,1/1/2015,2.3
5803,WA,1/1/2014,2.23
5804,WA,1/1/2015,2.2
5807,WA,1/1/2014,7.82
5808,WA,1/1/2015,8.1
5817,WI,1/1/2014,2.0
5818,WI,1/1/2015,1.6
5829,WI,1/1/2014,2.55
5833,WI,1/1/2014,1.52
5834,WI,1/1/2015,1.5
5867,WI,1/1/2014,2.9
5868,WI,1/1/2015,2.6
5881,WI,1/1/2014,1.74
5882,WI,1/1/2015,1.9
5889,WI,1/1/2014,11.32
5890,WI,1/1/2015,10.2
5897,WI,1/1/2014,0.91
5898,WI,1/1/2015,0.9
5911,WI,1/1/2014,4.12
5912,WI,1/1/2015,3.9
5915,WI,1/1/2014,3.06
5916,WI,1/1/2015,3.4
5928,WI,1/1/2015,2.1
5937,WI,1/1/2014,1.7
5938,WI,1/1/2015,1.4
5941,WI,1/1/2014,1.67
5942,WI,1/1/2015,2.0
5943,WI,1/1/2014,0.89
5944,WI,1/1/2015,1.0
5949,WI,1/1/2014,1.66
5950,WI,1/1/2015,1.4
5952,WI,1/1/2015,2.3
5955,WV,1/1/2014,4.38
5956,WV,1/1/2015,3.6
5958,WV,1/1/2015,6.3
5963,WV,1/1/2014,6.74
5964,WV,1/1/2015,5.9
5971,WV,1/1/2014,4.63
5972,WV,1/1/2015,6.1
5978,WV,1/1/2015,4.7
5982,WV,1/1/2015,4.9
5985,WV,1/1/2014,5.44
5986,WV,1/1/2015,4.9
5987,WV,1/1/2014,5.92
5988,WV,1/1/2015,5.6
5991,WV,1/1/2014,6.95
5992,WV,1/1/2015,7.0
5994,WV,1/1/2015,9.9
5997,WV,1/1/2014,8.6
5998,WV,1/1/2015,10.5
5999,WV,1/1/2014,3.05
6000,WV,1/1/2015,2.5
6005,WV,1/1/2014,13.68
6006,WV,1/1/2015,15.3
6007,WV,1/1/2014,9.49
6008,WV,1/1/2015,11.5
6011,WV,1/1/2014,5.82
6012,WV,1/1/2015,8.1
6014,WV,1/1/2015,1.5
6019,WV,1/1/2014,6.0
6020,WV,1/1/2015,5.7
6029,WV,1/1/2014,4.84
6030,WV,1/1/2015,6.6
6031,WV,1/1/2014,2.62
6033,WV,1/1/2014,5.28
6034,WV,1/1/2015,6.6
6051,WV,1/1/2014,7.35
6052,WV,1/1/2015,6.8
6059,WV,1/1/2014,3.29
6060,WV,1/1/2015,3.3
6061,WV,1/1/2014,8.29
6062,WV,1/1/2015,8.5
6075,WY,1/1/2014,9.72
6076,WY,1/1/2015,12.8
6083,WY,1/1/2014,3.57
6084,WY,1/1/2015,2.5
6087,WY,1/1/2014,3.16
6088,WY,1/1/2015,4.2
